{"cameraMode":{"drawMode":0,"name":"Shaded","section":"Shading Mode"},"sceneLighting":false,"audioPlay":false,"sceneViewState":{"showFog":true,"showMaterialUpdate":false,"showSkybox":false,"showFlares":true,"showImageEffects":true,"showParticleSystems":true},"in2DMode":false,"pivot":{"x":-1.136771321296692,"y":-0.6113495826721191,"z":-0.40048789978027346},"rotation":{"x":0.002945180982351303,"y":0.9965693354606628,"z":-0.07218717783689499,"w":0.04068407788872719},"size":9.847906112670899,"orthographic":false}