{"cameraMode":{"drawMode":0,"name":"Shaded","section":"Shading Mode"},"sceneLighting":false,"audioPlay":false,"sceneViewState":{"showFog":true,"showMaterialUpdate":false,"showSkybox":false,"showFlares":true,"showImageEffects":true,"showParticleSystems":true},"in2DMode":false,"pivot":{"x":-2.0864992141723635,"y":4.0,"z":-4.749911785125732},"rotation":{"x":0.39753222465515139,"y":0.017065709456801416,"z":-0.007395048160105944,"w":0.9174047708511353},"size":14.011027336120606,"orthographic":true}