{"cameraMode":{"drawMode":0,"name":"Shaded","section":"Shading Mode"},"sceneLighting":false,"audioPlay":false,"sceneViewState":{"showFog":true,"showMaterialUpdate":false,"showSkybox":false,"showFlares":true,"showImageEffects":true,"showParticleSystems":true},"in2DMode":false,"pivot":{"x":-6.179194927215576,"y":1.3722281455993653,"z":-25.4837589263916},"rotation":{"x":-0.0017266658833250404,"y":0.9982220530509949,"z":-0.036261215806007388,"w":-0.047651257365942},"size":30.409223556518556,"orthographic":false}