{"cameraMode":{"drawMode":0,"name":"Shaded","section":"Shading Mode"},"sceneLighting":false,"audioPlay":false,"sceneViewState":{"showFog":true,"showMaterialUpdate":false,"showSkybox":false,"showFlares":true,"showImageEffects":true,"showParticleSystems":true},"in2DMode":false,"pivot":{"x":28.2825927734375,"y":624.8373413085938,"z":-253.7069091796875},"rotation":{"x":0.5698899030685425,"y":0.03202745318412781,"z":-0.022236865013837816,"w":0.8207972049713135},"size":10.592202186584473,"orthographic":true}