{"cameraMode":{"drawMode":0,"name":"Shaded","section":"Shading Mode"},"sceneLighting":false,"audioPlay":false,"sceneViewState":{"showFog":true,"showMaterialUpdate":false,"showSkybox":false,"showFlares":true,"showImageEffects":true,"showParticleSystems":true},"in2DMode":false,"pivot":{"x":-3.539466381072998,"y":2.6631035804748537,"z":-1.9295324087142945},"rotation":{"x":0.13783812522888184,"y":-0.6995059847831726,"z":0.14034022390842439,"w":0.6870264410972595},"size":10.889432907104493,"orthographic":false}