{"cameraMode":{"drawMode":0,"name":"Shaded","section":"Shading Mode"},"sceneLighting":true,"audioPlay":false,"sceneViewState":{"showFog":true,"showMaterialUpdate":true,"showSkybox":true,"showFlares":true,"showImageEffects":true,"showParticleSystems":true},"in2DMode":false,"pivot":{"x":4.675537109375,"y":14.1015625,"z":-10.822265625},"rotation":{"x":0.020685875788331033,"y":0.9545057415962219,"z":-0.2896244525909424,"w":0.06816454976797104},"size":101.4098129272461,"orthographic":true}