{"cameraMode":{"drawMode":0,"name":"Shaded","section":"Shading Mode"},"sceneLighting":false,"audioPlay":false,"sceneViewState":{"showFog":true,"showMaterialUpdate":false,"showSkybox":false,"showFlares":true,"showImageEffects":true,"showParticleSystems":true},"in2DMode":false,"pivot":{"x":0.0,"y":12.500001907348633,"z":-0.0000019073486328125},"rotation":{"x":0.5373594164848328,"y":0.06814613193273545,"z":-0.04362110421061516,"w":0.8394657373428345},"size":15.457791328430176,"orthographic":true}