{"cameraMode":{"drawMode":0,"name":"Shaded","section":"Shading Mode"},"sceneLighting":false,"audioPlay":false,"sceneViewState":{"showFog":true,"showMaterialUpdate":false,"showSkybox":false,"showFlares":true,"showImageEffects":true,"showParticleSystems":true},"in2DMode":false,"pivot":{"x":9.300000190734864,"y":0.0,"z":23.059999465942384},"rotation":{"x":0.3075326979160309,"y":-0.4033868908882141,"z":0.14605844020843507,"w":0.8493404388427734},"size":6.9539923667907719,"orthographic":true}