{"cameraMode":{"drawMode":0,"name":"Shaded","section":"Shading Mode"},"sceneLighting":false,"audioPlay":false,"sceneViewState":{"showFog":true,"showMaterialUpdate":false,"showSkybox":false,"showFlares":true,"showImageEffects":true,"showParticleSystems":true},"in2DMode":false,"pivot":{"x":-10.798980712890625,"y":1.2592408657073975,"z":-4.136066436767578},"rotation":{"x":-0.1571544110774994,"y":0.006824316922575235,"z":-0.0010876624146476389,"w":-0.9875665903091431},"size":16.41179084777832,"orthographic":false}