{"cameraMode":{"drawMode":0,"name":"Shaded","section":"Shading Mode"},"sceneLighting":false,"audioPlay":false,"sceneViewState":{"showFog":true,"showMaterialUpdate":false,"showSkybox":false,"showFlares":true,"showImageEffects":true,"showParticleSystems":true},"in2DMode":false,"pivot":{"x":0.11500000208616257,"y":-16.061540603637697,"z":6.129419326782227},"rotation":{"x":0.5698899030685425,"y":0.03202745318412781,"z":-0.022236865013837816,"w":0.8207972049713135},"size":56.73276138305664,"orthographic":true}