{"cameraMode":{"drawMode":0,"name":"Shaded","section":"Shading Mode"},"sceneLighting":false,"audioPlay":false,"sceneViewState":{"showFog":true,"showMaterialUpdate":false,"showSkybox":false,"showFlares":true,"showImageEffects":true,"showParticleSystems":true},"in2DMode":false,"pivot":{"x":-4.397563934326172,"y":4.288671970367432,"z":10.080900192260743},"rotation":{"x":0.009284324944019318,"y":-0.07343603670597077,"z":0.0006843435694463551,"w":0.997271716594696},"size":18.79905128479004,"orthographic":false}