{"cameraMode":{"drawMode":0,"name":"Shaded","section":"Shading Mode"},"sceneLighting":false,"audioPlay":false,"sceneViewState":{"showFog":true,"showMaterialUpdate":false,"showSkybox":false,"showFlares":true,"showImageEffects":true,"showParticleSystems":true},"in2DMode":false,"pivot":{"x":-1.7999999523162842,"y":3.799999952316284,"z":-0.20000000298023225},"rotation":{"x":0.5690574645996094,"y":0.009127048775553704,"z":-0.006316963583230972,"w":0.8222280144691467},"size":8.426315307617188,"orthographic":true}