{"cameraMode":{"drawMode":0,"name":"Shaded","section":"Shading Mode"},"sceneLighting":false,"audioPlay":false,"sceneViewState":{"showFog":true,"showMaterialUpdate":false,"showSkybox":false,"showFlares":true,"showImageEffects":true,"showParticleSystems":true},"in2DMode":false,"pivot":{"x":-3.1730551719665529,"y":4.209859371185303,"z":-3.90102481842041},"rotation":{"x":0.018307136371731759,"y":0.013493264093995095,"z":-0.00024652492720633745,"w":0.9997569918632507},"size":9.241474151611329,"orthographic":false}