{"cameraMode":{"drawMode":0,"name":"Shaded","section":"Shading Mode"},"sceneLighting":false,"audioPlay":false,"sceneViewState":{"showFog":true,"showMaterialUpdate":false,"showSkybox":false,"showFlares":true,"showImageEffects":true,"showParticleSystems":true},"in2DMode":false,"pivot":{"x":6.739964485168457,"y":4.0,"z":23.632755279541017},"rotation":{"x":0.5690574645996094,"y":0.009127048775553704,"z":-0.006316963583230972,"w":0.8222280144691467},"size":7.364325046539307,"orthographic":true}