{"cameraMode":{"drawMode":0,"name":"Shaded","section":"Shading Mode"},"sceneLighting":false,"audioPlay":false,"sceneViewState":{"showFog":true,"showMaterialUpdate":false,"showSkybox":false,"showFlares":true,"showImageEffects":true,"showParticleSystems":true},"in2DMode":false,"pivot":{"x":-27.541168212890626,"y":82.59143829345703,"z":-36.295284271240237},"rotation":{"x":0.5698899030685425,"y":0.03202745318412781,"z":-0.022236865013837816,"w":0.8207972049713135},"size":3.5234436988830568,"orthographic":true}