{"cameraMode":{"drawMode":0,"name":"Shaded","section":"Shading Mode"},"sceneLighting":true,"audioPlay":false,"sceneViewState":{"showFog":true,"showMaterialUpdate":false,"showSkybox":true,"showFlares":true,"showImageEffects":true,"showParticleSystems":true},"in2DMode":false,"pivot":{"x":44.1987190246582,"y":-43.280941009521487,"z":17.538959503173829},"rotation":{"x":0.3903065621852875,"y":0.5074424743652344,"z":-0.27629798650741579,"w":0.7168397903442383},"size":68.5892562866211,"orthographic":false}