{"cameraMode":{"drawMode":0,"name":"Shaded","section":"Shading Mode"},"sceneLighting":false,"audioPlay":false,"sceneViewState":{"showFog":true,"showMaterialUpdate":false,"showSkybox":false,"showFlares":true,"showImageEffects":true,"showParticleSystems":true},"in2DMode":false,"pivot":{"x":8.958264350891114,"y":6.199999809265137,"z":23.22159194946289},"rotation":{"x":-0.05245615914463997,"y":-0.028456466272473336,"z":-0.0014982387656345964,"w":0.998222827911377},"size":7.386399745941162,"orthographic":true}