{"cameraMode":{"drawMode":0,"name":"Shaded","section":"Shading Mode"},"sceneLighting":false,"audioPlay":false,"sceneViewState":{"showFog":true,"showMaterialUpdate":false,"showSkybox":false,"showFlares":true,"showImageEffects":true,"showParticleSystems":true},"in2DMode":false,"pivot":{"x":-3.4120943546295168,"y":3.2892277240753176,"z":-3.827357292175293},"rotation":{"x":0.005149404983967543,"y":0.993159830570221,"z":-0.10648412257432938,"w":0.04800715669989586},"size":11.545315742492676,"orthographic":false}