{"cameraMode":{"drawMode":0,"name":"Shaded","section":"Shading Mode"},"sceneLighting":false,"audioPlay":false,"sceneViewState":{"showFog":true,"showMaterialUpdate":false,"showSkybox":false,"showFlares":true,"showImageEffects":true,"showParticleSystems":true},"in2DMode":false,"pivot":{"x":-4.580257415771484,"y":2.125,"z":-1.8605661392211915},"rotation":{"x":0.3920648396015167,"y":-0.00965909007936716,"z":0.004116789437830448,"w":0.9198785424232483},"size":1.5847737789154053,"orthographic":false}