{"cameraMode":{"drawMode":0,"name":"Shaded","section":"Shading Mode"},"sceneLighting":false,"audioPlay":false,"sceneViewState":{"showFog":true,"showMaterialUpdate":false,"showSkybox":false,"showFlares":true,"showImageEffects":true,"showParticleSystems":true},"in2DMode":false,"pivot":{"x":-5.017222881317139,"y":2.119236469268799,"z":0.8119336366653442},"rotation":{"x":-0.25684088468551638,"y":-0.02086368389427662,"z":0.005546243861317635,"w":-0.9662295579910278},"size":10.276123046875,"orthographic":false}