{"cameraMode":{"drawMode":0,"name":"Shaded","section":"Shading Mode"},"sceneLighting":false,"audioPlay":false,"sceneViewState":{"showFog":true,"showMaterialUpdate":false,"showSkybox":false,"showFlares":true,"showImageEffects":true,"showParticleSystems":true},"in2DMode":false,"pivot":{"x":-0.05001315474510193,"y":0.00009191781282424927,"z":-17.785900115966798},"rotation":{"x":0.5848873257637024,"y":-0.017030153423547746,"z":0.012284521013498307,"w":0.8108449578285217},"size":0.9174394607543945,"orthographic":true}