{"cameraMode":{"drawMode":0,"name":"Shaded","section":"Shading Mode"},"sceneLighting":true,"audioPlay":false,"sceneViewState":{"showFog":true,"showMaterialUpdate":true,"showSkybox":true,"showFlares":true,"showImageEffects":true,"showParticleSystems":true},"in2DMode":false,"pivot":{"x":-0.6926451921463013,"y":3.120000123977661,"z":-6.077698707580566},"rotation":{"x":-0.07648923248052597,"y":0.9144430160522461,"z":-0.3401333689689636,"w":-0.20564700663089753},"size":11.031596183776856,"orthographic":false}