{"cameraMode":{"drawMode":0,"name":"Shaded","section":"Shading Mode"},"sceneLighting":false,"audioPlay":false,"sceneViewState":{"showFog":true,"showMaterialUpdate":false,"showSkybox":false,"showFlares":true,"showImageEffects":true,"showParticleSystems":true},"in2DMode":false,"pivot":{"x":-1.1199392080307007,"y":3.191835641860962,"z":-1.153639793395996},"rotation":{"x":-0.002933935960754752,"y":-0.9964562058448792,"z":0.03919044882059097,"w":-0.07458153367042542},"size":12.501972198486329,"orthographic":false}