{"cameraMode":{"drawMode":0,"name":"Shaded","section":"Shading Mode"},"sceneLighting":false,"audioPlay":false,"sceneViewState":{"showFog":true,"showMaterialUpdate":false,"showSkybox":false,"showFlares":true,"showImageEffects":true,"showParticleSystems":true},"in2DMode":false,"pivot":{"x":-6.056556701660156,"y":3.112605333328247,"z":-2.3167991638183595},"rotation":{"x":0.013745490461587906,"y":0.8194704055786133,"z":-0.019671080633997918,"w":0.5726191401481628},"size":9.241474151611329,"orthographic":false}