{"cameraMode":{"drawMode":0,"name":"Shaded","section":"Shading Mode"},"sceneLighting":false,"audioPlay":false,"sceneViewState":{"showFog":true,"showMaterialUpdate":false,"showSkybox":false,"showFlares":true,"showImageEffects":true,"showParticleSystems":true},"in2DMode":false,"pivot":{"x":-13.855731010437012,"y":-1.4871776103973389,"z":-9.44616413116455},"rotation":{"x":0.17608009278774262,"y":0.38493549823760989,"z":-0.07506676018238068,"w":0.9028922319412231},"size":10.648574829101563,"orthographic":true}