{"cameraMode":{"drawMode":0,"name":"Shaded","section":"Shading Mode"},"sceneLighting":true,"audioPlay":false,"sceneViewState":{"showFog":true,"showMaterialUpdate":true,"showSkybox":true,"showFlares":true,"showImageEffects":true,"showParticleSystems":true},"in2DMode":false,"pivot":{"x":1.1666014194488526,"y":2.000000238418579,"z":4.004949569702148},"rotation":{"x":-0.07648923248052597,"y":0.9144430160522461,"z":-0.3401333689689636,"w":-0.20564700663089753},"size":17.547405242919923,"orthographic":false}