{"cameraMode":{"drawMode":0,"name":"Shaded","section":"Shading Mode"},"sceneLighting":false,"audioPlay":false,"sceneViewState":{"showFog":true,"showMaterialUpdate":false,"showSkybox":false,"showFlares":true,"showImageEffects":true,"showParticleSystems":true},"in2DMode":false,"pivot":{"x":7.0103302001953129,"y":0.3936920166015625,"z":-7.145591735839844},"rotation":{"x":0.5698899030685425,"y":0.03202745318412781,"z":-0.022236865013837816,"w":0.8207972049713135},"size":98.30104064941406,"orthographic":true}