{"cameraMode":{"drawMode":0,"name":"Shaded","section":"Shading Mode"},"sceneLighting":false,"audioPlay":false,"sceneViewState":{"showFog":true,"showMaterialUpdate":false,"showSkybox":false,"showFlares":true,"showImageEffects":true,"showParticleSystems":true},"in2DMode":false,"pivot":{"x":35.19091796875,"y":623.2783203125,"z":-255.4610595703125},"rotation":{"x":0.720618724822998,"y":0.01393197476863861,"z":-0.014486590400338173,"w":0.6930471658706665},"size":11.671926498413086,"orthographic":true}