{"cameraMode":{"drawMode":0,"name":"Shaded","section":"Shading Mode"},"sceneLighting":false,"audioPlay":false,"sceneViewState":{"showFog":true,"showMaterialUpdate":false,"showSkybox":false,"showFlares":true,"showImageEffects":true,"showParticleSystems":true},"in2DMode":false,"pivot":{"x":-2.2901458740234377,"y":-0.9196673035621643,"z":14.832630157470704},"rotation":{"x":0.5690574645996094,"y":0.009127048775553704,"z":-0.006316963583230972,"w":0.8222280144691467},"size":45.23573303222656,"orthographic":true}